student_id,first_name,last_name,email
1,Aarush,Kumar,aarush@example.com
2,Hiten,Gogia,hiten@example.com
3,Rahul,Sharma,rahul@example.com
4,kabeer,Verma,kabeer@example.com
5,Rohan,Kohli,rohan@example.com